{
    "0.5": {
        "0.6": [
            2624.11,
            3086,
            1479
        ],
        "0.75": [
            2478.008333333333,
            3157,
            1346
        ],
        "0.9": [
            2553.97,
            3179,
            1703
        ],
        "1.0": [
            2790.3,
            3718,
            1754
        ],
        "1.1": [
            3202.57,
            4811,
            1601
        ],
        "0.0": [
            3936.05,
            6614,
            1330
        ],
        "0.25": [
            2994.65,
            2720,
            1206
        ],
        "0.5": [
            2326.55,
            2762,
            1363
        ],
        "1.25": [
            4494.6,
            10000,
            1212
        ],
        "1.5": [
            9182.6,
            10000,
            10000
        ]
    },
    "0.0": {
        "0.6": [
            2492.97,
            3091,
            1290
        ],
        "0.75": [
            2244.266666666667,
            2881,
            1227
        ],
        "0.9": [
            2558.89,
            3489,
            1647
        ],
        "1.0": [
            2375.8,
            3251,
            1581
        ],
        "1.1": [
            3036.61,
            4309,
            1835
        ],
        "0.0": [
            3304.7,
            2834,
            1218
        ],
        "0.25": [
            2044.75,
            2590,
            1121
        ],
        "0.5": [
            2817.05,
            3566,
            1274
        ],
        "1.25": [
            6032.7,
            10000,
            3586
        ],
        "1.5": [
            8330.55,
            10000,
            10000
        ]
    }
}